Ticker,
AAA,
AAM,
ABT,
ACC,
ACL,
ADS,
AGF,
AGM,
AGR,
AMD,
ANV,
APC,
APG,
ASM,
ASP,
AST,
ATG,
BBC,
BCE,
BCG,
BFC,
BHN,
BIC,
BID,
BMC,
BMI,
BMP,
BRC,
BSI,
BTP,
BTT,
BVH,
BWE,
C32,
C47,
CAV,
CCI,
CCL,
CDC,
CEE,
CHP,
CIG,
CII,
CLC,
CLG,
CLL,
CLW,
CMG,
CMV,
CMX,
CNG,
COM,
CRC,
CRE,
CSM,
CSV,
CTD,
CTF,
CTG,
CTI,
CTS,
CVT,
D2D,
DAG,
DAH,
DAT,
DBC,
DBD,
DCL,
DCM,
DGW,
DHA,
DHC,
DHG,
DHM,
DIC,
DIG,
DLG,
DMC,
DPG,
DPM,
DPR,
DQC,
DRC,
DRH,
DRL,
DSN,
DTA,
DTL,
DTT,
DVP,
DXG,
DXV,
EIB,
ELC,
EMC,
EVE,
EVG,
FCM,
FCN,
FDC,
FIR,
FIT,
FLC,
FMC,
FPT,
FRT,
FTM,
FTS,
GAB,
GAS,
GDT,
GEG,
GEX,
GIL,
GMC,
GMD,x
GSP,
GTA,
GTN,
HAG,
HAH,
HAI,
HAP,
HAR,
HAS,
HAX,
HBC,
HCD,
HCM,
HDB,
HDC,
HDG,
HHS,
HID,
HII,
HMC,
HNG,
HOT,
HPG,
HPX,
HQC,
HRC,
HSG,
HSL,
HT1,
HTI,
HTL,
HTN,
HTT,
HTV,
HU1,
HU3,
HUB,
HVG,
HVH,
HVN,
HVX,
IBC,
IDI,
IJC,
ILB,
IMP,
ITA,
ITC,
ITD,
JVC,
KBC,
KDC,
KDH,
KHP,
KMR,
KOS,
KPF,
KSB,
L10,
LAF,
LBM,
LCG,
LCM,
LDG,
LEC,
LGC,
LGL,
LHG,
LIX,
LM8,
LMH,
LSS,
MBB,
MCG,
MCP,
MDG,
MHC,
MSH,
MSN,
MWG,
NAF,
NAV,
NBB,
NCT,
NHH,
NKG,
NLG,
NNC,
NSC,
NT2,
NTL,
NVL,
NVT,
OGC,
OPC,
PAC,
PAN,
PC1,
PDN,
PDR,
PET,
PGC,
PGD,
PGI,
PHC,
PHR,
PIT,
PJT,
PLP,
PLX,
PME,
PMG,
PNC,
PNJ,
POM,
POW,
PPC,
PTB,
PTC,
PTL,
PVD,
PVT,
PXI,
PXS,
PXT,
QBS,
QCG,
RAL,
RDP,
REE,
RIC,
ROS,
S4A,
SAB,
SAM,
SAV,
SBA,
SBT,
SBV,
SC5,
SCD,
SCR,
SCS,
SFC,
SFG,
SFI,
SGN,
SGR,
SGT,
SHA,
SHI,
SHP,
SII,
SJD,
SJF,
SJS,
SKG,
SMA,
SMB,
SMC,
SPM,
SRC,
SRF,
SSC,
SSI,
ST8,
STB,
STG,
STK,
SVC,
SVI,
SVT,
SZC,
SZL,
TAC,
TBC,
TCB,
TCD,
TCH,
TCL,
TCM,
TCO,
TCR,
TCT,
TDC,
TDG,
TDH,
TDM,
TDW,
TEG,
TGG,
THG,
THI,
TIP,
TIX,
TLD,
TLG,
TLH,
TMP,
TMS,
TMT,
TN1,
TNA,
TNC,
TNI,
TNT,
TPB,
TPC,
TRA,
TRC,
TS4,
TSC,
TTB,
TTE,
TTF,
TV2,
TVB,
TVS,
TVT,
TYA,
UDC,
UIC,
VAF,
VCB,
VCF,
VCI,
VDP,
VDS,
VFG,
VGC,
VHC,
VHM,
VIC,
VID,
VIP,
VIS,
VJC,
VMD,
VND,
VNE,
VNG,
VNL,
VNM,
VNS,
VOS,
VPB,
VPD,
VPG,
VPH,
VPI,
VPK,
VPS,
VRC,
VRE,
VSC,
VSH,
VSI,
VTB,
VTO,
YBM,
YEG,
